"","month","Credit"
"1","2022 Jan",1.7351047931797
"2","2022 Feb",1.57015507190872
"3","2022 Mar",1.79371754526055
"4","2022 Apr",1.81773410111976
"5","2022 May",1.81248289276469
"6","2022 Jun",1.78815744229636
"7","2022 Jul",1.73912042309829
"8","2022 Aug",1.81618962807415
"9","2022 Sep",1.80738613171418
"10","2022 Oct",1.80576443501629
"11","2022 Nov",1.73193862343621
"12","2022 Dec",1.84105564410845
